SlNo,State_Code,State,District_Key,District,Confirmed,Active,Recovered,Deceased,Delta_Confirmed,Delta_Active,Delta_Recovered,Delta_Deceased,District_Notes,Last_Updated
0,UN,State Unassigned,UN_Unassigned,Unassigned,1096,1096,0,0,0,0,0,0,,
1,AN,Andaman and Nicobar Islands,AN_Nicobars,Nicobars,0,0,0,0,0,0,0,0,,
2,AN,Andaman and Nicobar Islands,AN_North and Middle Andaman,North and Middle Andaman,1,0,1,0,0,0,0,0,,
3,AN,Andaman and Nicobar Islands,AN_South Andaman,South Andaman,32,0,32,0,0,0,0,0,,
4,AP,Andhra Pradesh,AP_Anantapur,Anantapur,136,40,92,4,0,0,0,0,,
5,AP,Andhra Pradesh,AP_Chittoor,Chittoor,208,110,97,1,0,0,0,0,,
6,AP,Andhra Pradesh,AP_East Godavari,East Godavari,59,16,43,0,0,0,0,0,,
7,AP,Andhra Pradesh,AP_Guntur,Guntur,426,90,328,8,0,0,0,0,,
8,AP,Andhra Pradesh,AP_Krishna,Krishna,396,101,280,15,0,0,0,0,,
9,AP,Andhra Pradesh,AP_Kurnool,Kurnool,638,170,447,21,0,0,0,0,,
0,AP,Andhra Pradesh,AP_Other State,Other State,153,128,25,0,0,0,0,0,,
10,AP,Andhra Pradesh,AP_Prakasam,Prakasam,67,4,63,0,0,0,0,0,,
11,AP,Andhra Pradesh,AP_S.P.S. Nellore,S.P.S. Nellore,182,76,103,3,0,0,0,0,,
12,AP,Andhra Pradesh,AP_Srikakulam,Srikakulam,16,11,5,0,0,0,0,0,,
13,AP,Andhra Pradesh,AP_Visakhapatnam,Visakhapatnam,81,33,47,1,0,0,0,0,,
14,AP,Andhra Pradesh,AP_Vizianagaram,Vizianagaram,16,12,4,0,0,0,0,0,,
15,AP,Andhra Pradesh,AP_West Godavari,West Godavari,75,21,54,0,0,0,0,0,,
16,AP,Andhra Pradesh,AP_Y.S.R. Kadapa,Y.S.R. Kadapa,107,31,76,0,0,0,0,0,,
17,AR,Arunachal Pradesh,AR_Anjaw,Anjaw,0,0,0,0,0,0,0,0,,
18,AR,Arunachal Pradesh,AR_Changlang,Changlang,0,0,0,0,0,0,0,0,,
19,AR,Arunachal Pradesh,AR_East Kameng,East Kameng,0,0,0,0,0,0,0,0,,
20,AR,Arunachal Pradesh,AR_East Siang,East Siang,0,0,0,0,0,0,0,0,,
21,AR,Arunachal Pradesh,AR_Kamle,Kamle,0,0,0,0,0,0,0,0,,
22,AR,Arunachal Pradesh,AR_Kra Daadi,Kra Daadi,0,0,0,0,0,0,0,0,,
23,AR,Arunachal Pradesh,AR_Kurung Kumey,Kurung Kumey,0,0,0,0,0,0,0,0,,
24,AR,Arunachal Pradesh,AR_Lepa Rada,Lepa Rada,0,0,0,0,0,0,0,0,,
25,AR,Arunachal Pradesh,AR_Lohit,Lohit,1,0,1,0,0,0,0,0,,
26,AR,Arunachal Pradesh,AR_Longding,Longding,0,0,0,0,0,0,0,0,,
27,AR,Arunachal Pradesh,AR_Lower Dibang Valley,Lower Dibang Valley,0,0,0,0,0,0,0,0,,
28,AR,Arunachal Pradesh,AR_Lower Siang,Lower Siang,0,0,0,0,0,0,0,0,,
29,AR,Arunachal Pradesh,AR_Lower Subansiri,Lower Subansiri,0,0,0,0,0,0,0,0,,
30,AR,Arunachal Pradesh,AR_Namsai,Namsai,0,0,0,0,0,0,0,0,,
31,AR,Arunachal Pradesh,AR_Pakke Kessang,Pakke Kessang,0,0,0,0,0,0,0,0,,
32,AR,Arunachal Pradesh,AR_Papum Pare,Papum Pare,0,0,0,0,0,0,0,0,,
33,AR,Arunachal Pradesh,AR_Shi Yomi,Shi Yomi,0,0,0,0,0,0,0,0,,
34,AR,Arunachal Pradesh,AR_Siang,Siang,0,0,0,0,0,0,0,0,,
35,AR,Arunachal Pradesh,AR_Tawang,Tawang,0,0,0,0,0,0,0,0,,
36,AR,Arunachal Pradesh,AR_Tirap,Tirap,0,0,0,0,0,0,0,0,,
37,AR,Arunachal Pradesh,AR_Upper Dibang Valley,Upper Dibang Valley,0,0,0,0,0,0,0,0,,
38,AR,Arunachal Pradesh,AR_Upper Siang,Upper Siang,0,0,0,0,0,0,0,0,,
39,AR,Arunachal Pradesh,AR_Upper Subansiri,Upper Subansiri,0,0,0,0,0,0,0,0,,
40,AR,Arunachal Pradesh,AR_West Kameng,West Kameng,0,0,0,0,0,0,0,0,,
41,AR,Arunachal Pradesh,AR_West Siang,West Siang,0,0,0,0,0,0,0,0,,
42,AS,Assam,AS_Baksa,Baksa,0,0,0,0,0,0,0,0,,
43,AS,Assam,AS_Barpeta,Barpeta,0,0,0,0,0,0,0,0,,
44,AS,Assam,AS_Biswanath,Biswanath,2,2,0,0,0,0,0,0,,
45,AS,Assam,AS_Bongaigaon,Bongaigaon,5,0,5,0,0,0,0,0,,
46,AS,Assam,AS_Cachar,Cachar,14,8,6,0,0,0,0,0,,
47,AS,Assam,AS_Charaideo,Charaideo,0,0,0,0,0,0,0,0,,
48,AS,Assam,AS_Chirang,Chirang,0,0,0,0,0,0,0,0,,
49,AS,Assam,AS_Darrang,Darrang,0,0,0,0,0,0,0,0,,
50,AS,Assam,AS_Dhemaji,Dhemaji,0,0,0,0,0,0,0,0,,
51,AS,Assam,AS_Dhubri,Dhubri,5,0,5,0,0,0,0,0,,
52,AS,Assam,AS_Dibrugarh,Dibrugarh,0,0,0,0,0,0,0,0,,
53,AS,Assam,AS_Dima Hasao,Dima Hasao,0,0,0,0,0,0,0,0,,
54,AS,Assam,AS_Goalpara,Goalpara,6,2,4,0,0,0,0,0,,
55,AS,Assam,AS_Golaghat,Golaghat,15,6,9,0,0,0,0,0,,
56,AS,Assam,AS_Hailakandi,Hailakandi,1,0,0,1,0,0,0,0,,
57,AS,Assam,AS_Hojai,Hojai,10,10,0,0,0,0,0,0,,
58,AS,Assam,AS_Jorhat,Jorhat,7,5,2,0,0,0,0,0,,
59,AS,Assam,AS_Kamrup,Kamrup,10,9,1,0,0,0,0,0,,
60,AS,Assam,AS_Kamrup Metropolitan,Kamrup Metropolitan,81,76,2,3,0,0,0,0,,
61,AS,Assam,AS_Karbi Anglong,Karbi Anglong,0,0,0,0,0,0,0,0,,
62,AS,Assam,AS_Karimganj,Karimganj,5,3,2,0,0,0,0,0,,
63,AS,Assam,AS_Kokrajhar,Kokrajhar,3,3,0,0,1,1,0,0,,
64,AS,Assam,AS_Lakhimpur,Lakhimpur,1,0,1,0,0,0,0,0,,
65,AS,Assam,AS_Majuli,Majuli,0,0,0,0,0,0,0,0,,
66,AS,Assam,AS_Morigaon,Morigaon,6,0,6,0,0,0,0,0,,
67,AS,Assam,AS_Nagaon,Nagaon,4,4,0,0,0,0,0,0,,
68,AS,Assam,AS_Nalbari,Nalbari,6,2,4,0,0,0,0,0,,
0,AS,Assam,AS_Other State,Other State,1,0,1,0,0,0,0,0,,
69,AS,Assam,AS_Sivasagar,Sivasagar,1,1,0,0,0,0,0,0,,
70,AS,Assam,AS_Sonitpur,Sonitpur,3,3,0,0,0,0,0,0,,
71,AS,Assam,AS_South Salmara Mankachar,South Salmara Mankachar,1,0,1,0,0,0,0,0,,
72,AS,Assam,AS_Tinsukia,Tinsukia,0,0,0,0,0,0,0,0,,
73,AS,Assam,AS_Udalguri,Udalguri,0,0,0,0,0,0,0,0,,
74,AS,Assam,AS_West Karbi Anglong,West Karbi Anglong,0,0,0,0,0,0,0,0,,
75,BR,Bihar,BR_Araria,Araria,4,3,1,0,0,0,0,0,,
76,BR,Bihar,BR_Arwal,Arwal,17,13,4,0,0,0,0,0,,
77,BR,Bihar,BR_Aurangabad,Aurangabad,26,14,12,0,0,0,0,0,,
78,BR,Bihar,BR_Banka,Banka,51,50,1,0,0,0,0,0,,
79,BR,Bihar,BR_Begusarai,Begusarai,82,62,20,0,0,0,0,0,,
80,BR,Bihar,BR_Bhagalpur,Bhagalpur,59,47,12,0,0,0,0,0,,
81,BR,Bihar,BR_Bhojpur,Bhojpur,38,20,18,0,0,0,0,0,,
82,BR,Bihar,BR_Buxar,Buxar,64,8,56,0,0,0,0,0,,
83,BR,Bihar,BR_Darbhanga,Darbhanga,22,17,5,0,0,0,0,0,,
101,BR,Bihar,BR_East Champaran,East Champaran,19,9,9,1,0,0,0,0,,
84,BR,Bihar,BR_Gaya,Gaya,11,5,6,0,0,0,0,0,,
85,BR,Bihar,BR_Gopalganj,Gopalganj,81,63,18,0,17,17,0,0,,
86,BR,Bihar,BR_Jamui,Jamui,15,15,0,0,0,0,0,0,,
87,BR,Bihar,BR_Jehanabad,Jehanabad,58,53,5,0,0,0,0,0,,
88,BR,Bihar,BR_Kaimur,Kaimur,44,12,32,0,0,0,0,0,,
89,BR,Bihar,BR_Katihar,Katihar,54,46,8,0,19,19,0,0,,
90,BR,Bihar,BR_Khagaria,Khagaria,71,70,0,1,1,1,0,0,,
91,BR,Bihar,BR_Kishanganj,Kishanganj,14,11,3,0,0,0,0,0,,
92,BR,Bihar,BR_Lakhisarai,Lakhisarai,23,18,5,0,9,9,0,0,,
93,BR,Bihar,BR_Madhepura,Madhepura,20,18,2,0,0,0,0,0,,
94,BR,Bihar,BR_Madhubani,Madhubani,79,66,13,0,0,0,0,0,,
95,BR,Bihar,BR_Munger,Munger,136,43,92,1,3,3,0,0,,
96,BR,Bihar,BR_Muzaffarpur,Muzaffarpur,30,24,6,0,0,0,0,0,,
97,BR,Bihar,BR_Nalanda,Nalanda,78,30,48,0,0,0,0,0,,
98,BR,Bihar,BR_Nawada,Nawada,41,37,4,0,0,0,0,0,,
100,BR,Bihar,BR_Patna,Patna,167,119,46,2,0,0,0,0,,
102,BR,Bihar,BR_Purnia,Purnia,36,34,2,0,5,5,0,0,,
103,BR,Bihar,BR_Rohtas,Rohtas,109,49,59,1,18,18,0,0,,
104,BR,Bihar,BR_Saharsa,Saharsa,22,22,0,0,0,0,0,0,,
105,BR,Bihar,BR_Samastipur,Samastipur,32,31,1,0,16,16,0,0,,
106,BR,Bihar,BR_Saran,Saran,14,6,8,0,0,0,0,0,,
107,BR,Bihar,BR_Sheikhpura,Sheikhpura,32,32,0,0,8,8,0,0,,
108,BR,Bihar,BR_Sheohar,Sheohar,5,2,3,0,0,0,0,0,,
109,BR,Bihar,BR_Sitamarhi,Sitamarhi,9,4,4,1,0,0,0,0,,
110,BR,Bihar,BR_Siwan,Siwan,45,13,32,0,0,0,0,0,,
111,BR,Bihar,BR_Supaul,Supaul,27,27,0,0,0,0,0,0,,
112,BR,Bihar,BR_Vaishali,Vaishali,15,11,2,2,0,0,0,0,,
99,BR,Bihar,BR_West Champaran,West Champaran,25,14,11,0,0,0,0,0,,
113,CH,Chandigarh,CH_Chandigarh,Chandigarh,202,63,136,3,0,0,0,0,,
114,CT,Chhattisgarh,CT_Balod,Balod,13,13,0,0,0,0,0,0,,
115,CT,Chhattisgarh,CT_Baloda Bazar,Baloda Bazar,8,8,0,0,0,0,0,0,,
116,CT,Chhattisgarh,CT_Balrampur,Balrampur,0,0,0,0,0,0,0,0,,
117,CT,Chhattisgarh,CT_Bametara,Bametara,0,0,0,0,0,0,0,0,,
118,CT,Chhattisgarh,CT_Bastar,Bastar,0,0,0,0,0,0,0,0,,
119,CT,Chhattisgarh,CT_Bijapur,Bijapur,0,0,0,0,0,0,0,0,,
120,CT,Chhattisgarh,CT_Bilaspur,Bilaspur,1,0,1,0,0,0,0,0,,
121,CT,Chhattisgarh,CT_Dakshin Bastar Dantewada,Dakshin Bastar Dantewada,0,0,0,0,0,0,0,0,,
122,CT,Chhattisgarh,CT_Dhamtari,Dhamtari,0,0,0,0,0,0,0,0,,
123,CT,Chhattisgarh,CT_Durg,Durg,10,0,10,0,0,0,0,0,,
124,CT,Chhattisgarh,CT_Gariaband,Gariaband,1,1,0,0,0,0,0,0,,
125,CT,Chhattisgarh,CT_Janjgir Champa,Janjgir Champa,11,11,0,0,0,0,0,0,,
126,CT,Chhattisgarh,CT_Jashpur,Jashpur,0,0,0,0,0,0,0,0,,
127,CT,Chhattisgarh,CT_Kabeerdham,Kabeerdham,8,2,6,0,0,0,0,0,,
128,CT,Chhattisgarh,CT_Kondagaon,Kondagaon,0,0,0,0,0,0,0,0,,
129,CT,Chhattisgarh,CT_Korba,Korba,29,1,28,0,0,0,0,0,,
130,CT,Chhattisgarh,CT_Koriya,Koriya,1,1,0,0,0,0,0,0,,
131,CT,Chhattisgarh,CT_Mahasamund,Mahasamund,0,0,0,0,0,0,0,0,,
132,CT,Chhattisgarh,CT_Mungeli,Mungeli,1,1,0,0,0,0,0,0,,
133,CT,Chhattisgarh,CT_Narayanpur,Narayanpur,0,0,0,0,0,0,0,0,,
134,CT,Chhattisgarh,CT_Raigarh,Raigarh,5,5,0,0,0,0,0,0,,
135,CT,Chhattisgarh,CT_Raipur,Raipur,7,0,7,0,0,0,0,0,,
136,CT,Chhattisgarh,CT_Rajnandgaon,Rajnandgaon,6,5,1,0,0,0,0,0,,
137,CT,Chhattisgarh,CT_Sukma,Sukma,0,0,0,0,0,0,0,0,,
138,CT,Chhattisgarh,CT_Surajpur,Surajpur,7,1,6,0,0,0,0,0,,
139,CT,Chhattisgarh,CT_Surguja,Surguja,2,2,0,0,0,0,0,0,,
140,CT,Chhattisgarh,CT_Uttar Bastar Kanker,Uttar Bastar Kanker,0,0,0,0,0,0,0,0,,
144,DL,Delhi,DL_Central Delhi,Central Delhi,184,184,0,0,0,0,0,0,,
145,DL,Delhi,DL_East Delhi,East Delhi,38,38,0,0,0,0,0,0,,
146,DL,Delhi,DL_New Delhi,New Delhi,37,37,0,0,0,0,0,0,,
147,DL,Delhi,DL_North Delhi,North Delhi,60,60,0,0,0,0,0,0,,
148,DL,Delhi,DL_North East Delhi,North East Delhi,25,25,0,0,0,0,0,0,,
149,DL,Delhi,DL_North West Delhi,North West Delhi,32,31,0,1,0,0,0,0,,
150,DL,Delhi,DL_Shahdara,Shahdara,48,48,0,0,0,0,0,0,,
151,DL,Delhi,DL_South Delhi,South Delhi,70,70,0,0,0,0,0,0,,
152,DL,Delhi,DL_South East Delhi,South East Delhi,130,130,0,0,0,0,0,0,,
153,DL,Delhi,DL_South West Delhi,South West Delhi,42,42,0,0,0,0,0,0,,
154,DL,Delhi,DL_West Delhi,West Delhi,122,122,0,0,0,0,0,0,,
141,DN,Dadra and Nagar Haveli and Daman and Diu,DN_Dadra and Nagar Haveli,Dadra and Nagar Haveli,1,0,1,0,0,0,0,0,,
142,DN,Dadra and Nagar Haveli and Daman and Diu,DN_Daman,Daman,0,0,0,0,0,0,0,0,,
143,DN,Dadra and Nagar Haveli and Daman and Diu,DN_Diu,Diu,0,0,0,0,0,0,0,0,,
155,GA,Goa,GA_North Goa,North Goa,6,0,6,0,0,0,0,0,,
156,GA,Goa,GA_South Goa,South Goa,18,17,1,0,0,0,0,0,,
0,GJ,Gujarat,GJ_Other State,Other State,2,2,0,0,0,0,0,0,,
157,GJ,Gujarat,GJ_Ahmedabad,Ahmedabad,9216,5484,3130,602,0,0,0,0,,
158,GJ,Gujarat,GJ_Amreli,Amreli,2,2,0,0,0,0,0,0,,
159,GJ,Gujarat,GJ_Anand,Anand,85,2,75,8,0,0,0,0,,
160,GJ,Gujarat,GJ_Aravalli,Aravalli,86,8,75,3,0,0,0,0,,
161,GJ,Gujarat,GJ_Banaskantha,Banaskantha,88,6,78,4,0,0,0,0,,
162,GJ,Gujarat,GJ_Bharuch,Bharuch,37,8,26,3,0,0,0,0,,
163,GJ,Gujarat,GJ_Bhavnagar,Bhavnagar,114,22,84,8,0,0,0,0,,
164,GJ,Gujarat,GJ_Botad,Botad,56,1,54,1,0,0,0,0,,
165,GJ,Gujarat,GJ_Chhota Udaipur,Chhota Udaipur,22,8,14,0,0,0,0,0,,
167,GJ,Gujarat,GJ_Dahod,Dahod,29,13,16,0,0,0,0,0,,
187,GJ,Gujarat,GJ_Dang,Dang,2,0,2,0,0,0,0,0,,
166,GJ,Gujarat,GJ_Devbhumi Dwarka,Devbhumi Dwarka,12,10,2,0,0,0,0,0,,
168,GJ,Gujarat,GJ_Gandhinagar,Gandhinagar,193,103,82,8,0,0,0,0,,
169,GJ,Gujarat,GJ_Gir Somnath,Gir Somnath,28,25,3,0,0,0,0,0,,
170,GJ,Gujarat,GJ_Jamnagar,Jamnagar,43,19,22,2,0,0,0,0,,
171,GJ,Gujarat,GJ_Junagadh,Junagadh,13,10,3,0,0,0,0,0,,
173,GJ,Gujarat,GJ_Kheda,Kheda,53,27,25,1,0,0,0,0,,
172,GJ,Gujarat,GJ_Kutch,Kutch,57,50,6,1,0,0,0,0,,
175,GJ,Gujarat,GJ_Mahisagar,Mahisagar,68,29,38,1,0,0,0,0,,
174,GJ,Gujarat,GJ_Mehsana,Mehsana,80,26,51,3,0,0,0,0,,
176,GJ,Gujarat,GJ_Morbi,Morbi,2,0,2,0,0,0,0,0,,
177,GJ,Gujarat,GJ_Narmada,Narmada,13,1,12,0,0,0,0,0,,
178,GJ,Gujarat,GJ_Navsari,Navsari,11,3,8,0,0,0,0,0,,
179,GJ,Gujarat,GJ_Panchmahal,Panchmahal,71,9,56,6,0,0,0,0,,
180,GJ,Gujarat,GJ_Patan,Patan,68,39,25,4,0,0,0,0,,
181,GJ,Gujarat,GJ_Porbandar,Porbandar,5,2,3,0,0,0,0,0,,
182,GJ,Gujarat,GJ_Rajkot,Rajkot,82,28,52,2,0,0,0,0,,
183,GJ,Gujarat,GJ_Sabarkantha,Sabarkantha,49,26,20,3,0,0,0,0,,
184,GJ,Gujarat,GJ_Surat,Surat,1193,354,783,56,0,0,0,0,,
185,GJ,Gujarat,GJ_Surendranagar,Surendranagar,13,10,3,0,0,0,0,0,,
186,GJ,Gujarat,GJ_Tapi,Tapi,3,1,2,0,0,0,0,0,,
188,GJ,Gujarat,GJ_Vadodara,Vadodara,726,231,463,32,0,0,0,0,,
189,GJ,Gujarat,GJ_Valsad,Valsad,17,12,4,1,0,0,0,0,,
212,HP,Himachal Pradesh,HP_Bilaspur,Bilaspur,7,5,2,0,0,0,0,0,,
213,HP,Himachal Pradesh,HP_Chamba,Chamba,13,3,10,0,0,0,0,0,,
214,HP,Himachal Pradesh,HP_Hamirpur,Hamirpur,15,10,4,1,0,0,0,0,,
215,HP,Himachal Pradesh,HP_Kangra,Kangra,35,26,8,1,0,0,0,0,,
216,HP,Himachal Pradesh,HP_Kinnaur,Kinnaur,0,0,0,0,0,0,0,0,,
217,HP,Himachal Pradesh,HP_Kullu,Kullu,1,1,0,0,0,0,0,0,,
218,HP,Himachal Pradesh,HP_Lahaul and Spiti,Lahaul and Spiti,0,0,0,0,0,0,0,0,,
219,HP,Himachal Pradesh,HP_Mandi,Mandi,6,4,1,1,0,0,0,0,,
220,HP,Himachal Pradesh,HP_Shimla,Shimla,1,0,1,0,0,0,0,0,,
221,HP,Himachal Pradesh,HP_Sirmaur,Sirmaur,4,2,2,0,0,0,0,0,,
222,HP,Himachal Pradesh,HP_Solan,Solan,9,3,5,1,0,0,0,0,,
223,HP,Himachal Pradesh,HP_Una,Una,19,2,17,0,0,0,0,0,,
190,HR,Haryana,HR_Ambala,Ambala,42,0,40,2,0,0,0,0,,
191,HR,Haryana,HR_Bhiwani,Bhiwani,6,2,4,0,0,0,0,0,,
192,HR,Haryana,HR_Charkhi Dadri,Charkhi Dadri,6,5,1,0,0,0,0,0,,
193,HR,Haryana,HR_Faridabad,Faridabad,179,87,86,6,9,9,0,0,,
194,HR,Haryana,HR_Fatehabad,Fatehabad,8,6,2,0,0,0,0,0,,
195,HR,Haryana,HR_Gurugram,Gurugram,226,95,131,0,0,0,0,0,,
196,HR,Haryana,HR_Hisar,Hisar,9,6,3,0,0,0,0,0,,
0,HR,Haryana,HR_Italians,Italians,14,0,14,0,0,0,0,0,,
197,HR,Haryana,HR_Jhajjar,Jhajjar,91,11,80,0,0,-18,18,0,,
198,HR,Haryana,HR_Jind,Jind,23,8,15,0,0,0,0,0,,
199,HR,Haryana,HR_Kaithal,Kaithal,5,2,3,0,0,0,0,0,,
200,HR,Haryana,HR_Karnal,Karnal,20,10,9,1,0,0,0,0,,
201,HR,Haryana,HR_Kurukshetra,Kurukshetra,9,6,3,0,2,2,0,0,,
202,HR,Haryana,HR_Mahendragarh,Mahendragarh,11,7,4,0,1,1,0,0,,
203,HR,Haryana,HR_Nuh,Nuh,65,5,60,0,0,0,0,0,,
204,HR,Haryana,HR_Palwal,Palwal,40,4,36,0,0,0,0,0,,
205,HR,Haryana,HR_Panchkula,Panchkula,25,1,24,0,0,0,0,0,,
206,HR,Haryana,HR_Panipat,Panipat,40,6,31,3,0,0,0,0,,
207,HR,Haryana,HR_Rewari,Rewari,9,9,0,0,0,0,0,0,,
208,HR,Haryana,HR_Rohtak,Rohtak,13,5,7,1,0,-3,3,0,,
209,HR,Haryana,HR_Sirsa,Sirsa,8,0,8,0,0,0,0,0,,
210,HR,Haryana,HR_Sonipat,Sonipat,148,53,94,1,0,-1,1,0,,
211,HR,Haryana,HR_Yamunanagar,Yamunanagar,8,0,8,0,0,0,0,0,,
246,JH,Jharkhand,JH_Bokaro,Bokaro,10,0,9,1,0,0,0,0,,
247,JH,Jharkhand,JH_Chatra,Chatra,0,0,0,0,0,0,0,0,,
248,JH,Jharkhand,JH_Deoghar,Deoghar,5,1,4,0,0,0,0,0,,
249,JH,Jharkhand,JH_Dhanbad,Dhanbad,6,4,2,0,0,0,0,0,,
250,JH,Jharkhand,JH_Dumka,Dumka,2,0,2,0,0,0,0,0,,
264,JH,Jharkhand,JH_East Singhbhum,East Singhbhum,11,11,0,0,0,0,0,0,,
251,JH,Jharkhand,JH_Garhwa,Garhwa,47,44,3,0,0,0,0,0,,
252,JH,Jharkhand,JH_Giridih,Giridih,12,11,1,0,0,0,0,0,,
253,JH,Jharkhand,JH_Godda,Godda,1,0,1,0,0,0,0,0,,
254,JH,Jharkhand,JH_Gumla,Gumla,3,3,0,0,0,0,0,0,,
255,JH,Jharkhand,JH_Hazaribagh,Hazaribagh,33,30,3,0,0,0,0,0,,
256,JH,Jharkhand,JH_Jamtara,Jamtara,2,0,2,0,0,0,0,0,,
257,JH,Jharkhand,JH_Khunti,Khunti,0,0,0,0,0,0,0,0,,
258,JH,Jharkhand,JH_Koderma,Koderma,14,13,1,0,0,0,0,0,,
259,JH,Jharkhand,JH_Latehar,Latehar,4,4,0,0,0,0,0,0,,
260,JH,Jharkhand,JH_Lohardaga,Lohardaga,2,2,0,0,0,0,0,0,,
261,JH,Jharkhand,JH_Pakur,Pakur,0,0,0,0,0,0,0,0,,
262,JH,Jharkhand,JH_Palamu,Palamu,15,7,8,0,0,0,0,0,,
265,JH,Jharkhand,JH_Ramgarh,Ramgarh,3,3,0,0,0,0,0,0,,
266,JH,Jharkhand,JH_Ranchi,Ranchi,105,12,91,2,0,0,0,0,,
267,JH,Jharkhand,JH_Sahibganj,Sahibganj,0,0,0,0,0,0,0,0,,
268,JH,Jharkhand,JH_Saraikela-Kharsawan,Saraikela-Kharsawan,2,2,0,0,0,0,0,0,,
269,JH,Jharkhand,JH_Simdega,Simdega,3,1,2,0,0,0,0,0,,
263,JH,Jharkhand,JH_West Singhbhum,West Singhbhum,1,1,0,0,0,0,0,0,,
224,JK,Jammu and Kashmir,JK_Anantnag,Anantnag,252,159,89,4,0,0,0,0,,
226,JK,Jammu and Kashmir,JK_Bandipora,Bandipora,138,9,128,1,0,0,0,0,,
227,JK,Jammu and Kashmir,JK_Baramulla,Baramulla,129,34,91,4,0,0,0,0,,
225,JK,Jammu and Kashmir,JK_Budgam,Budgam,59,28,30,1,0,0,0,0,,
228,JK,Jammu and Kashmir,JK_Doda,Doda,1,1,0,0,0,0,0,0,,
229,JK,Jammu and Kashmir,JK_Ganderbal,Ganderbal,25,10,15,0,0,0,0,0,,
230,JK,Jammu and Kashmir,JK_Jammu,Jammu,67,35,31,1,0,0,0,0,,
231,JK,Jammu and Kashmir,JK_Kathua,Kathua,37,36,1,0,0,0,0,0,,
232,JK,Jammu and Kashmir,JK_Kishtwar,Kishtwar,5,4,1,0,0,0,0,0,,
233,JK,Jammu and Kashmir,JK_Kulgam,Kulgam,171,160,10,1,0,0,0,0,,
234,JK,Jammu and Kashmir,JK_Kupwara,Kupwara,118,70,48,0,0,0,0,0,,
235,JK,Jammu and Kashmir,JK_Mirpur,Mirpur,0,0,0,0,0,0,0,0,,
236,JK,Jammu and Kashmir,JK_Muzaffarabad,Muzaffarabad,0,0,0,0,0,0,0,0,,
237,JK,Jammu and Kashmir,JK_Pulwama,Pulwama,19,13,6,0,0,0,0,0,,
238,JK,Jammu and Kashmir,JK_Punch,Punch,4,4,0,0,0,0,0,0,,
239,JK,Jammu and Kashmir,JK_Rajouri,Rajouri,8,4,4,0,0,0,0,0,,
240,JK,Jammu and Kashmir,JK_Ramban,Ramban,27,26,1,0,0,0,0,0,,
241,JK,Jammu and Kashmir,JK_Reasi,Reasi,4,3,1,0,0,0,0,0,,
242,JK,Jammu and Kashmir,JK_Samba,Samba,16,10,6,0,0,0,0,0,,
243,JK,Jammu and Kashmir,JK_Shopiyan,Shopiyan,109,11,98,0,0,0,0,0,,
244,JK,Jammu and Kashmir,JK_Srinagar,Srinagar,168,66,97,5,0,0,0,0,,
245,JK,Jammu and Kashmir,JK_Udhampur,Udhampur,33,11,21,1,0,0,0,0,,
270,KA,Karnataka,KA_Bagalkote,Bagalkote,76,30,45,1,0,-6,6,0,,
271,KA,Karnataka,KA_Ballari,Ballari,30,16,13,1,11,11,0,0,,
272,KA,Karnataka,KA_Belagavi,Belagavi,125,68,56,1,9,9,0,0,,
274,KA,Karnataka,KA_Bengaluru Rural,Bengaluru Rural,6,0,6,0,0,0,0,0,,
273,KA,Karnataka,KA_Bengaluru Urban,Bengaluru Urban,257,124,124,9,7,7,0,0,,
275,KA,Karnataka,KA_Bidar,Bidar,67,44,21,2,0,0,0,0,,
276,KA,Karnataka,KA_Chamarajanagara,Chamarajanagara,0,0,0,0,0,0,0,0,,
277,KA,Karnataka,KA_Chikkaballapura,Chikkaballapura,26,6,18,2,2,2,0,0,,
278,KA,Karnataka,KA_Chikkamagaluru,Chikkamagaluru,5,5,0,0,0,0,0,0,,
279,KA,Karnataka,KA_Chitradurga,Chitradurga,10,9,1,0,0,0,0,0,,
280,KA,Karnataka,KA_Dakshina Kannada,Dakshina Kannada,55,36,14,5,6,3,3,0,,
281,KA,Karnataka,KA_Davanagere,Davanagere,113,95,14,4,3,-2,5,0,,
282,KA,Karnataka,KA_Dharwad,Dharwad,31,22,9,0,5,5,0,0,,
283,KA,Karnataka,KA_Gadag,Gadag,20,15,4,1,2,2,0,0,,
284,KA,Karnataka,KA_Hassan,Hassan,67,67,0,0,13,13,0,0,,
285,KA,Karnataka,KA_Haveri,Haveri,3,3,0,0,0,0,0,0,,
286,KA,Karnataka,KA_Kalaburagi,Kalaburagi,135,73,55,7,0,0,0,0,,
287,KA,Karnataka,KA_Kodagu,Kodagu,2,1,1,0,0,0,0,0,,
288,KA,Karnataka,KA_Kolar,Kolar,9,9,0,0,0,0,0,0,,
289,KA,Karnataka,KA_Koppal,Koppal,3,3,0,0,0,0,0,0,,
290,KA,Karnataka,KA_Mandya,Mandya,183,159,24,0,15,15,0,0,,
291,KA,Karnataka,KA_Mysuru,Mysuru,90,2,88,0,1,1,0,0,,
0,KA,Karnataka,KA_Other State,Other State,22,1,20,1,0,0,0,0,,
292,KA,Karnataka,KA_Raichur,Raichur,11,11,0,0,0,0,0,0,,
293,KA,Karnataka,KA_Ramanagara,Ramanagara,0,0,0,0,0,0,0,0,,
294,KA,Karnataka,KA_Shivamogga,Shivamogga,32,32,0,0,6,6,0,0,,
295,KA,Karnataka,KA_Tumakuru,Tumakuru,16,9,5,2,1,1,0,0,,
296,KA,Karnataka,KA_Udupi,Udupi,46,42,3,1,25,25,0,0,,
297,KA,Karnataka,KA_Uttara Kannada,Uttara Kannada,65,53,12,0,9,9,0,0,,
298,KA,Karnataka,KA_Vijayapura,Vijayapura,61,20,37,4,1,1,0,0,,
299,KA,Karnataka,KA_Yadgir,Yadgir,12,12,0,0,0,0,0,0,,
300,KL,Kerala,KL_Alappuzha,Alappuzha,11,6,5,0,0,0,0,0,,
301,KL,Kerala,KL_Ernakulam,Ernakulam,30,6,23,1,0,0,0,0,,
302,KL,Kerala,KL_Idukki,Idukki,24,1,23,0,0,0,0,0,,
303,KL,Kerala,KL_Kannur,Kannur,132,15,116,1,0,0,0,0,,
304,KL,Kerala,KL_Kasaragod,Kasaragod,198,18,180,0,0,0,0,0,,
305,KL,Kerala,KL_Kollam,Kollam,28,8,20,0,0,0,0,0,,
306,KL,Kerala,KL_Kottayam,Kottayam,25,4,21,0,0,0,0,0,,
307,KL,Kerala,KL_Kozhikode,Kozhikode,37,13,24,0,0,0,0,0,,
308,KL,Kerala,KL_Malappuram,Malappuram,55,31,23,1,0,0,0,0,,
309,KL,Kerala,KL_Palakkad,Palakkad,33,20,13,0,0,0,0,0,,
310,KL,Kerala,KL_Pathanamthitta,Pathanamthitta,24,7,17,0,0,0,0,0,,
311,KL,Kerala,KL_Thiruvananthapuram,Thiruvananthapuram,22,5,16,1,0,0,0,0,,
312,KL,Kerala,KL_Thrissur,Thrissur,27,12,15,0,0,0,0,0,,
313,KL,Kerala,KL_Wayanad,Wayanad,21,15,6,0,0,0,0,0,,
314,LA,Ladakh,LA_Kargil,Kargil,9,0,9,0,0,0,0,0,,
315,LA,Ladakh,LA_Leh,Leh,35,1,34,0,0,0,0,0,,
316,LD,Lakshadweep,LD_Lakshadweep,Lakshadweep,0,0,0,0,0,0,0,0,,
369,MH,Maharashtra,MH_Ahmednagar,Ahmednagar,64,16,43,5,0,0,0,0,,
370,MH,Maharashtra,MH_Akola,Akola,310,173,120,17,0,0,0,0,,
371,MH,Maharashtra,MH_Amravati,Amravati,123,43,66,14,0,0,0,0,,
372,MH,Maharashtra,MH_Aurangabad,Aurangabad,1082,635,411,36,0,0,0,0,,
374,MH,Maharashtra,MH_Beed,Beed,5,4,1,0,0,0,0,0,,
373,MH,Maharashtra,MH_Bhandara,Bhandara,7,6,1,0,0,0,0,0,,
375,MH,Maharashtra,MH_Buldhana,Buldhana,34,7,24,3,0,0,0,0,,
376,MH,Maharashtra,MH_Chandrapur,Chandrapur,5,1,4,0,0,0,0,0,,
377,MH,Maharashtra,MH_Dhule,Dhule,84,28,47,9,0,0,0,0,,
378,MH,Maharashtra,MH_Gadchiroli,Gadchiroli,6,6,0,0,0,0,0,0,,
379,MH,Maharashtra,MH_Gondia,Gondia,3,2,1,0,0,0,0,0,,
380,MH,Maharashtra,MH_Hingoli,Hingoli,107,21,86,0,0,0,0,0,,
381,MH,Maharashtra,MH_Jalgaon,Jalgaon,303,150,120,33,0,0,0,0,,
382,MH,Maharashtra,MH_Jalna,Jalna,38,30,8,0,0,0,0,0,,
383,MH,Maharashtra,MH_Kolhapur,Kolhapur,139,127,11,1,0,0,0,0,,
384,MH,Maharashtra,MH_Latur,Latur,50,20,28,2,0,0,0,0,,
385,MH,Maharashtra,MH_Mumbai,Mumbai,24118,18575,4702,841,0,0,0,0,,
386,MH,Maharashtra,MH_Mumbai Suburban,Mumbai Suburban,0,0,0,0,0,0,0,0,,
387,MH,Maharashtra,MH_Nagpur,Nagpur,423,148,269,6,0,0,0,0,,
388,MH,Maharashtra,MH_Nanded,Nanded,80,42,34,4,0,0,0,0,,
389,MH,Maharashtra,MH_Nandurbar,Nandurbar,25,3,20,2,0,0,0,0,,
390,MH,Maharashtra,MH_Nashik,Nashik,868,193,639,36,0,0,0,0,,
391,MH,Maharashtra,MH_Osmanabad,Osmanabad,11,7,4,0,0,0,0,0,,
0,MH,Maharashtra,MH_Other State,Other State,48,37,0,11,0,0,0,0,,
392,MH,Maharashtra,MH_Palghar,Palghar,475,284,177,14,0,0,0,0,,
393,MH,Maharashtra,MH_Parbhani,Parbhani,9,7,1,1,0,0,0,0,,
394,MH,Maharashtra,MH_Pune,Pune,4477,2377,1874,226,0,0,0,0,,
395,MH,Maharashtra,MH_Raigad,Raigad,532,402,114,16,0,0,0,0,,
396,MH,Maharashtra,MH_Ratnagiri,Ratnagiri,116,81,32,3,0,0,0,0,,
397,MH,Maharashtra,MH_Sangli,Sangli,57,23,33,1,0,0,0,0,,
398,MH,Maharashtra,MH_Satara,Satara,170,73,95,2,0,0,0,0,,
399,MH,Maharashtra,MH_Sindhudurg,Sindhudurg,10,6,4,0,0,0,0,0,,
400,MH,Maharashtra,MH_Solapur,Solapur,505,322,156,27,0,0,0,0,,
401,MH,Maharashtra,MH_Thane,Thane,4900,3718,1103,79,0,0,0,0,,
402,MH,Maharashtra,MH_Wardha,Wardha,3,2,0,1,0,0,0,0,,
403,MH,Maharashtra,MH_Washim,Washim,8,7,1,0,0,0,0,0,,
404,MH,Maharashtra,MH_Yavatmal,Yavatmal,102,13,89,0,0,0,0,0,,
421,ML,Meghalaya,ML_East Garo Hills,East Garo Hills,0,0,0,0,0,0,0,0,,
422,ML,Meghalaya,ML_East Jaintia Hills,East Jaintia Hills,0,0,0,0,0,0,0,0,,
423,ML,Meghalaya,ML_East Khasi Hills,East Khasi Hills,13,0,12,1,0,0,0,0,,
424,ML,Meghalaya,ML_North Garo Hills,North Garo Hills,0,0,0,0,0,0,0,0,,
425,ML,Meghalaya,ML_Ribhoi,Ribhoi,0,0,0,0,0,0,0,0,,
426,ML,Meghalaya,ML_South Garo Hills,South Garo Hills,0,0,0,0,0,0,0,0,,
427,ML,Meghalaya,ML_South West Garo Hills,South West Garo Hills,0,0,0,0,0,0,0,0,,
428,ML,Meghalaya,ML_South West Khasi Hills,South West Khasi Hills,0,0,0,0,0,0,0,0,,
429,ML,Meghalaya,ML_West Garo Hills,West Garo Hills,1,1,0,0,0,0,0,0,,
430,ML,Meghalaya,ML_West Jaintia Hills,West Jaintia Hills,0,0,0,0,0,0,0,0,,
431,ML,Meghalaya,ML_West Khasi Hills,West Khasi Hills,0,0,0,0,0,0,0,0,,
405,MN,Manipur,MN_Bishnupur,Bishnupur,0,0,0,0,0,0,0,0,,
406,MN,Manipur,MN_Chandel,Chandel,0,0,0,0,0,0,0,0,,
407,MN,Manipur,MN_Churachandpur,Churachandpur,16,16,0,0,0,0,0,0,,
408,MN,Manipur,MN_Imphal East,Imphal East,3,2,1,0,0,0,0,0,,
409,MN,Manipur,MN_Imphal West,Imphal West,5,4,1,0,0,0,0,0,,
410,MN,Manipur,MN_Jiribam,Jiribam,0,0,0,0,0,0,0,0,,
411,MN,Manipur,MN_Kakching,Kakching,0,0,0,0,0,0,0,0,,
412,MN,Manipur,MN_Kamjong,Kamjong,0,0,0,0,0,0,0,0,,
413,MN,Manipur,MN_Kangpokpi,Kangpokpi,0,0,0,0,0,0,0,0,,
414,MN,Manipur,MN_Noney,Noney,0,0,0,0,0,0,0,0,,
415,MN,Manipur,MN_Pherzawl,Pherzawl,0,0,0,0,0,0,0,0,,
416,MN,Manipur,MN_Senapati,Senapati,0,0,0,0,0,0,0,0,,
417,MN,Manipur,MN_Tamenglong,Tamenglong,0,0,0,0,0,0,0,0,,
418,MN,Manipur,MN_Tengnoupal,Tengnoupal,0,0,0,0,0,0,0,0,,
419,MN,Manipur,MN_Thoubal,Thoubal,0,0,0,0,0,0,0,0,,
420,MN,Manipur,MN_Ukhrul,Ukhrul,0,0,0,0,0,0,0,0,,
317,MP,Madhya Pradesh,MP_Agar Malwa,Agar Malwa,13,0,12,1,0,0,0,0,,
318,MP,Madhya Pradesh,MP_Alirajpur,Alirajpur,3,0,3,0,0,0,0,0,,
319,MP,Madhya Pradesh,MP_Anuppur,Anuppur,3,0,3,0,0,0,0,0,,
320,MP,Madhya Pradesh,MP_Ashoknagar,Ashoknagar,5,4,0,1,0,0,0,0,,
321,MP,Madhya Pradesh,MP_Balaghat,Balaghat,0,0,0,0,0,0,0,0,,
322,MP,Madhya Pradesh,MP_Barwani,Barwani,34,8,26,0,0,0,0,0,,
323,MP,Madhya Pradesh,MP_Betul,Betul,9,8,1,0,0,0,0,0,,
324,MP,Madhya Pradesh,MP_Bhind,Bhind,38,38,0,0,0,0,0,0,,
325,MP,Madhya Pradesh,MP_Bhopal,Bhopal,1088,378,670,40,0,0,0,0,,
326,MP,Madhya Pradesh,MP_Burhanpur,Burhanpur,194,150,33,11,0,0,0,0,,
327,MP,Madhya Pradesh,MP_Chhatarpur,Chhatarpur,2,2,0,0,0,0,0,0,,
328,MP,Madhya Pradesh,MP_Chhindwara,Chhindwara,5,0,4,1,0,0,0,0,,
329,MP,Madhya Pradesh,MP_Damoh,Damoh,5,5,0,0,0,0,0,0,,
330,MP,Madhya Pradesh,MP_Datia,Datia,3,3,0,0,0,0,0,0,,
331,MP,Madhya Pradesh,MP_Dewas,Dewas,66,31,27,8,0,0,0,0,,
332,MP,Madhya Pradesh,MP_Dhar,Dhar,107,25,80,2,0,0,0,0,,
333,MP,Madhya Pradesh,MP_Dindori,Dindori,4,3,1,0,0,0,0,0,,
335,MP,Madhya Pradesh,MP_Guna,Guna,1,1,0,0,0,0,0,0,,
336,MP,Madhya Pradesh,MP_Gwalior,Gwalior,77,53,23,1,0,0,0,0,,
337,MP,Madhya Pradesh,MP_Harda,Harda,3,0,3,0,0,0,0,0,,
338,MP,Madhya Pradesh,MP_Hoshangabad,Hoshangabad,37,1,33,3,0,0,0,0,,
339,MP,Madhya Pradesh,MP_Indore,Indore,2715,1436,1174,105,0,0,0,0,,
340,MP,Madhya Pradesh,MP_Jabalpur,Jabalpur,186,70,107,9,0,0,0,0,,
341,MP,Madhya Pradesh,MP_Jhabua,Jhabua,11,9,1,1,0,0,0,0,,
342,MP,Madhya Pradesh,MP_Katni,Katni,0,0,0,0,0,0,0,0,,
334,MP,Madhya Pradesh,MP_Khandwa,Khandwa,186,97,79,10,0,0,0,0,,
368,MP,Madhya Pradesh,MP_Khargone,Khargone,114,19,87,8,0,0,0,0,,
343,MP,Madhya Pradesh,MP_Mandla,Mandla,1,1,0,0,0,0,0,0,,
344,MP,Madhya Pradesh,MP_Mandsaur,Mandsaur,79,43,30,6,0,0,0,0,,
345,MP,Madhya Pradesh,MP_Morena,Morena,44,20,24,0,0,0,0,0,,
346,MP,Madhya Pradesh,MP_Narsinghpur,Narsinghpur,0,0,0,0,0,0,0,0,,
347,MP,Madhya Pradesh,MP_Neemuch,Neemuch,50,40,9,1,0,0,0,0,,
348,MP,Madhya Pradesh,MP_Niwari,Niwari,0,0,0,0,0,0,0,0,,
0,MP,Madhya Pradesh,MP_Other Region,Other Region,0,0,0,0,0,0,0,0,,
349,MP,Madhya Pradesh,MP_Panna,Panna,3,2,1,0,0,0,0,0,,
350,MP,Madhya Pradesh,MP_Raisen,Raisen,67,3,61,3,0,0,0,0,,
351,MP,Madhya Pradesh,MP_Rajgarh,Rajgarh,1,1,0,0,0,0,0,0,,
352,MP,Madhya Pradesh,MP_Ratlam,Ratlam,28,2,26,0,0,0,0,0,,
353,MP,Madhya Pradesh,MP_Rewa,Rewa,25,23,1,1,0,0,0,0,,
354,MP,Madhya Pradesh,MP_Sagar,Sagar,44,37,5,2,0,0,0,0,,
355,MP,Madhya Pradesh,MP_Satna,Satna,10,7,2,1,0,0,0,0,,
356,MP,Madhya Pradesh,MP_Sehore,Sehore,5,4,0,1,0,0,0,0,,
357,MP,Madhya Pradesh,MP_Seoni,Seoni,1,1,0,0,0,0,0,0,,
358,MP,Madhya Pradesh,MP_Shahdol,Shahdol,3,0,3,0,0,0,0,0,,
359,MP,Madhya Pradesh,MP_Shajapur,Shajapur,8,0,7,1,0,0,0,0,,
360,MP,Madhya Pradesh,MP_Sheopur,Sheopur,5,1,4,0,0,0,0,0,,
361,MP,Madhya Pradesh,MP_Shivpuri,Shivpuri,3,1,2,0,0,0,0,0,,
362,MP,Madhya Pradesh,MP_Sidhi,Sidhi,5,5,0,0,0,0,0,0,,
363,MP,Madhya Pradesh,MP_Singrauli,Singrauli,1,1,0,0,0,0,0,0,,
364,MP,Madhya Pradesh,MP_Tikamgarh,Tikamgarh,6,3,3,0,0,0,0,0,,
365,MP,Madhya Pradesh,MP_Ujjain,Ujjain,420,194,176,50,0,0,0,0,,
366,MP,Madhya Pradesh,MP_Umaria,Umaria,1,1,0,0,0,0,0,0,,
367,MP,Madhya Pradesh,MP_Vidisha,Vidisha,16,3,13,0,0,0,0,0,,
432,MZ,Mizoram,MZ_Aizawl,Aizawl,1,0,1,0,0,0,0,0,,
433,MZ,Mizoram,MZ_Champhai,Champhai,0,0,0,0,0,0,0,0,,
729,MZ,Mizoram,MZ_Hnahthial,Hnahthial,0,0,0,0,0,0,0,0,,
730,MZ,Mizoram,MZ_Khawzawl,Khawzawl,0,0,0,0,0,0,0,0,,
434,MZ,Mizoram,MZ_Kolasib,Kolasib,0,0,0,0,0,0,0,0,,
435,MZ,Mizoram,MZ_Lawngtlai,Lawngtlai,0,0,0,0,0,0,0,0,,
436,MZ,Mizoram,MZ_Lunglei,Lunglei,0,0,0,0,0,0,0,0,,
437,MZ,Mizoram,MZ_Mamit,Mamit,0,0,0,0,0,0,0,0,,
438,MZ,Mizoram,MZ_Saiha,Saiha,0,0,0,0,0,0,0,0,,
728,MZ,Mizoram,MZ_Saitual,Saitual,0,0,0,0,0,0,0,0,,
439,MZ,Mizoram,MZ_Serchhip,Serchhip,0,0,0,0,0,0,0,0,,
440,NL,Nagaland,NL_Dimapur,Dimapur,0,0,0,0,0,0,0,0,,
441,NL,Nagaland,NL_Kiphire,Kiphire,0,0,0,0,0,0,0,0,,
442,NL,Nagaland,NL_Kohima,Kohima,0,0,0,0,0,0,0,0,,
443,NL,Nagaland,NL_Longleng,Longleng,0,0,0,0,0,0,0,0,,
444,NL,Nagaland,NL_Mokokchung,Mokokchung,0,0,0,0,0,0,0,0,,
445,NL,Nagaland,NL_Mon,Mon,0,0,0,0,0,0,0,0,,
446,NL,Nagaland,NL_Peren,Peren,0,0,0,0,0,0,0,0,,
447,NL,Nagaland,NL_Phek,Phek,0,0,0,0,0,0,0,0,,
448,NL,Nagaland,NL_Tuensang,Tuensang,0,0,0,0,0,0,0,0,,
449,NL,Nagaland,NL_Wokha,Wokha,0,0,0,0,0,0,0,0,,
450,NL,Nagaland,NL_Zunheboto,Zunheboto,0,0,0,0,0,0,0,0,,
451,OR,Odisha,OR_Angul,Angul,19,19,0,0,2,2,0,0,,
452,OR,Odisha,OR_Balangir,Balangir,6,4,2,0,0,0,0,0,,
453,OR,Odisha,OR_Balasore,Balasore,122,80,42,0,0,-15,15,0,,
454,OR,Odisha,OR_Bargarh,Bargarh,0,0,0,0,0,0,0,0,,
456,OR,Odisha,OR_Bhadrak,Bhadrak,95,65,30,0,0,-5,5,0,,
455,OR,Odisha,OR_Boudh,Boudh,33,30,3,0,0,-3,3,0,,
457,OR,Odisha,OR_Cuttack,Cuttack,45,42,2,1,9,9,0,0,,
458,OR,Odisha,OR_Deogarh,Deogarh,2,1,1,0,0,0,0,0,,
459,OR,Odisha,OR_Dhenkanal,Dhenkanal,2,1,1,0,0,0,0,0,,
460,OR,Odisha,OR_Gajapati,Gajapati,0,0,0,0,0,0,0,0,,
461,OR,Odisha,OR_Ganjam,Ganjam,317,160,154,3,4,-19,22,1,,
462,OR,Odisha,OR_Jagatsinghpur,Jagatsinghpur,30,25,5,0,2,2,0,0,,
463,OR,Odisha,OR_Jajpur,Jajpur,179,116,63,0,5,2,3,0,,
464,OR,Odisha,OR_Jharsuguda,Jharsuguda,2,0,2,0,0,0,0,0,,
465,OR,Odisha,OR_Kalahandi,Kalahandi,13,11,2,0,11,11,0,0,,
466,OR,Odisha,OR_Kandhamal,Kandhamal,3,3,0,0,0,0,0,0,,
467,OR,Odisha,OR_Kendrapara,Kendrapara,40,32,8,0,0,0,0,0,,
468,OR,Odisha,OR_Kendujhar,Kendujhar,8,6,2,0,0,0,0,0,,
469,OR,Odisha,OR_Khordha,Khordha,71,20,48,3,0,0,0,0,,
470,OR,Odisha,OR_Koraput,Koraput,1,0,1,0,0,0,0,0,,
471,OR,Odisha,OR_Malkangiri,Malkangiri,3,3,0,0,1,1,0,0,,
472,OR,Odisha,OR_Mayurbhanj,Mayurbhanj,14,6,8,0,3,2,1,0,,
473,OR,Odisha,OR_Nabarangapur,Nabarangapur,0,0,0,0,0,0,0,0,,
474,OR,Odisha,OR_Nayagarh,Nayagarh,21,20,1,0,11,11,0,0,,
475,OR,Odisha,OR_Nuapada,Nuapada,0,0,0,0,0,0,0,0,,
476,OR,Odisha,OR_Puri,Puri,45,42,3,0,1,1,0,0,,
477,OR,Odisha,OR_Rayagada,Rayagada,0,0,0,0,0,0,0,0,,
478,OR,Odisha,OR_Sambalpur,Sambalpur,5,5,0,0,2,2,0,0,,
479,OR,Odisha,OR_Subarnapur,Subarnapur,0,0,0,0,0,0,0,0,,
480,OR,Odisha,OR_Sundargarh,Sundargarh,27,12,15,0,0,-1,1,0,,
485,PB,Punjab,PB_Amritsar,Amritsar,308,9,295,4,0,0,0,0,,
486,PB,Punjab,PB_Barnala,Barnala,21,0,20,1,0,0,0,0,,
487,PB,Punjab,PB_Bathinda,Bathinda,41,4,37,0,0,0,0,0,,
488,PB,Punjab,PB_Faridkot,Faridkot,61,16,45,0,0,0,0,0,,
489,PB,Punjab,PB_Fatehgarh Sahib,Fatehgarh Sahib,56,2,54,0,0,0,0,0,,
490,PB,Punjab,PB_Fazilka,Fazilka,44,5,39,0,0,0,0,0,,
491,PB,Punjab,PB_Ferozepur,Ferozepur,44,0,43,1,0,0,0,0,,
492,PB,Punjab,PB_Gurdaspur,Gurdaspur,125,1,121,3,0,0,0,0,,
493,PB,Punjab,PB_Hoshiarpur,Hoshiarpur,95,2,88,5,0,0,0,0,,
494,PB,Punjab,PB_Jalandhar,Jalandhar,210,44,160,6,0,0,0,0,,
495,PB,Punjab,PB_Kapurthala,Kapurthala,33,0,30,3,0,0,0,0,,
496,PB,Punjab,PB_Ludhiana,Ludhiana,169,45,117,7,0,0,0,0,,
497,PB,Punjab,PB_Mansa,Mansa,32,10,22,0,0,0,0,0,,
498,PB,Punjab,PB_Moga,Moga,59,0,59,0,0,0,0,0,,
499,PB,Punjab,PB_Pathankot,Pathankot,29,0,28,1,0,0,0,0,,
500,PB,Punjab,PB_Patiala,Patiala,103,3,98,2,0,0,0,0,,
501,PB,Punjab,PB_Rupnagar,Rupnagar,60,7,52,1,0,0,0,0,,
502,PB,Punjab,PB_S.A.S. Nagar,S.A.S. Nagar,102,2,97,3,0,0,0,0,,
503,PB,Punjab,PB_Sangrur,Sangrur,88,1,87,0,0,0,0,0,,
504,PB,Punjab,PB_Shahid Bhagat Singh Nagar,Shahid Bhagat Singh Nagar,105,6,98,1,0,0,0,0,,
505,PB,Punjab,PB_Sri Muktsar Sahib,Sri Muktsar Sahib,65,15,50,0,0,0,0,0,,
506,PB,Punjab,PB_Tarn Taran,Tarn Taran,155,1,154,0,0,0,0,0,,
481,PY,Puducherry,PY_Karaikal,Karaikal,2,1,1,0,0,0,0,0,,
482,PY,Puducherry,PY_Mahe,Mahe,3,1,2,0,0,0,0,0,,
483,PY,Puducherry,PY_Puducherry,Puducherry,18,11,7,0,0,0,0,0,,
484,PY,Puducherry,PY_Yanam,Yanam,0,0,0,0,0,0,0,0,,
507,RJ,Rajasthan,RJ_Ajmer,Ajmer,268,48,215,5,2,2,0,0,,
508,RJ,Rajasthan,RJ_Alwar,Alwar,40,10,28,2,4,-11,15,0,,
509,RJ,Rajasthan,RJ_Banswara,Banswara,75,8,66,1,0,0,0,0,,
510,RJ,Rajasthan,RJ_Baran,Baran,5,1,4,0,0,0,0,0,,
511,RJ,Rajasthan,RJ_Barmer,Barmer,52,51,1,0,2,2,0,0,,
512,RJ,Rajasthan,RJ_Bharatpur,Bharatpur,129,10,115,4,0,-1,0,1,,
513,RJ,Rajasthan,RJ_Bhilwara,Bhilwara,84,39,43,2,2,2,0,0,,
514,RJ,Rajasthan,RJ_Bikaner,Bikaner,71,31,37,3,6,6,0,0,,
0,RJ,Rajasthan,RJ_BSF Camp,BSF Camp,50,8,42,0,0,0,0,0,,
515,RJ,Rajasthan,RJ_Bundi,Bundi,0,0,0,0,0,0,0,0,,
516,RJ,Rajasthan,RJ_Chittorgarh,Chittorgarh,167,58,107,2,0,0,0,0,,
517,RJ,Rajasthan,RJ_Churu,Churu,52,37,14,1,0,0,0,0,,
518,RJ,Rajasthan,RJ_Dausa,Dausa,39,14,25,0,0,0,0,0,,
519,RJ,Rajasthan,RJ_Dholpur,Dholpur,28,18,10,0,0,0,0,0,,
520,RJ,Rajasthan,RJ_Dungarpur,Dungarpur,266,258,8,0,33,33,0,0,,
0,RJ,Rajasthan,RJ_Evacuees,Evacuees,61,0,61,0,0,0,0,0,,
521,RJ,Rajasthan,RJ_Ganganagar,Ganganagar,1,1,0,0,0,0,0,0,,
522,RJ,Rajasthan,RJ_Hanumangarh,Hanumangarh,14,1,13,0,0,0,0,0,,
0,RJ,Rajasthan,RJ_Italians,Italians,2,0,2,0,0,0,0,0,,
523,RJ,Rajasthan,RJ_Jaipur,Jaipur,1675,567,1034,74,10,9,0,1,,
524,RJ,Rajasthan,RJ_Jaisalmer,Jaisalmer,61,26,35,0,2,2,0,0,,
525,RJ,Rajasthan,RJ_Jalore,Jalore,130,125,3,2,22,22,0,0,,
526,RJ,Rajasthan,RJ_Jhalawar,Jhalawar,52,5,47,0,1,1,0,0,,
527,RJ,Rajasthan,RJ_Jhunjhunu,Jhunjhunu,71,22,49,0,2,0,2,0,,
528,RJ,Rajasthan,RJ_Jodhpur,Jodhpur,1131,281,834,16,3,3,0,0,,
529,RJ,Rajasthan,RJ_Karauli,Karauli,10,4,4,2,0,0,0,0,,
530,RJ,Rajasthan,RJ_Kota,Kota,339,77,248,14,2,2,0,0,,
531,RJ,Rajasthan,RJ_Nagaur,Nagaur,229,98,126,5,16,16,0,0,,
0,RJ,Rajasthan,RJ_Other State,Other State,9,4,0,5,1,1,0,0,,
532,RJ,Rajasthan,RJ_Pali,Pali,217,168,45,4,0,0,0,0,,
533,RJ,Rajasthan,RJ_Pratapgarh,Pratapgarh,7,3,3,1,0,0,0,0,,
534,RJ,Rajasthan,RJ_Rajsamand,Rajsamand,68,42,26,0,7,7,0,0,,
535,RJ,Rajasthan,RJ_Sawai Madhopur,Sawai Madhopur,17,8,8,1,0,0,0,0,,
536,RJ,Rajasthan,RJ_Sikar,Sikar,68,55,9,4,4,3,0,1,,
537,RJ,Rajasthan,RJ_Sirohi,Sirohi,77,72,5,0,7,7,0,0,,
538,RJ,Rajasthan,RJ_Tonk,Tonk,156,13,142,1,0,0,0,0,,
539,RJ,Rajasthan,RJ_Udaipur,Udaipur,433,420,12,1,13,13,0,0,,
540,SK,Sikkim,SK_East District,East District,0,0,0,0,0,0,0,0,,
541,SK,Sikkim,SK_North District,North District,0,0,0,0,0,0,0,0,,
542,SK,Sikkim,SK_South District,South District,0,0,0,0,0,0,0,0,,
543,SK,Sikkim,SK_West District,West District,0,0,0,0,0,0,0,0,,
0,TG,Telangana,TG_Other State,Other State,87,87,0,0,0,0,0,0,,
576,TG,Telangana,TG_Adilabad,Adilabad,21,6,15,0,0,0,0,0,,
577,TG,Telangana,TG_Bhadradri Kothagudem,Bhadradri Kothagudem,4,0,4,0,0,0,0,0,,
578,TG,Telangana,TG_Hyderabad,Hyderabad,1056,728,305,23,0,0,0,0,,
579,TG,Telangana,TG_Jagtial,Jagtial,4,2,2,0,0,0,0,0,,
580,TG,Telangana,TG_Jangaon,Jangaon,3,2,1,0,0,0,0,0,,
581,TG,Telangana,TG_Jayashankar Bhupalapally,Jayashankar Bhupalapally,3,3,0,0,0,0,0,0,,
582,TG,Telangana,TG_Jogulamba Gadwal,Jogulamba Gadwal,45,19,25,1,0,0,0,0,,
583,TG,Telangana,TG_Kamareddy,Kamareddy,12,4,8,0,0,0,0,0,,
584,TG,Telangana,TG_Karimnagar,Karimnagar,19,3,16,0,0,0,0,0,,
585,TG,Telangana,TG_Khammam,Khammam,8,5,3,0,0,0,0,0,,
586,TG,Telangana,TG_Komaram Bheem,Komaram Bheem,7,5,2,0,0,0,0,0,,
587,TG,Telangana,TG_Mahabubabad,Mahabubabad,1,0,1,0,0,0,0,0,,
588,TG,Telangana,TG_Mahabubnagar,Mahabubnagar,11,3,8,0,0,0,0,0,,
589,TG,Telangana,TG_Mancherial,Mancherial,1,0,0,1,0,0,0,0,,
590,TG,Telangana,TG_Medak,Medak,5,1,4,0,0,0,0,0,,
591,TG,Telangana,TG_Medchal Malkajgiri,Medchal Malkajgiri,25,15,9,1,0,0,0,0,,
592,TG,Telangana,TG_Mulugu,Mulugu,2,0,2,0,0,0,0,0,,
593,TG,Telangana,TG_Nagarkurnool,Nagarkurnool,2,0,2,0,0,0,0,0,,
594,TG,Telangana,TG_Nalgonda,Nalgonda,17,5,12,0,0,0,0,0,,
595,TG,Telangana,TG_Narayanpet,Narayanpet,1,0,0,1,0,0,0,0,,
596,TG,Telangana,TG_Nirmal,Nirmal,20,7,13,0,0,0,0,0,,
597,TG,Telangana,TG_Nizamabad,Nizamabad,61,31,30,0,0,0,0,0,,
598,TG,Telangana,TG_Peddapalli,Peddapalli,2,1,1,0,0,0,0,0,,
599,TG,Telangana,TG_Rajanna Sircilla,Rajanna Sircilla,3,1,2,0,0,0,0,0,,
600,TG,Telangana,TG_Ranga Reddy,Ranga Reddy,44,25,17,2,0,0,0,0,,
601,TG,Telangana,TG_Sangareddy,Sangareddy,9,3,6,0,0,0,0,0,,
602,TG,Telangana,TG_Siddipet,Siddipet,1,0,1,0,0,0,0,0,,
603,TG,Telangana,TG_Suryapet,Suryapet,83,59,24,0,0,0,0,0,,
604,TG,Telangana,TG_Vikarabad,Vikarabad,37,21,15,1,0,0,0,0,,
605,TG,Telangana,TG_Wanaparthy,Wanaparthy,0,0,0,0,0,0,0,0,,
606,TG,Telangana,TG_Warangal Rural,Warangal Rural,0,0,0,0,0,0,0,0,,
607,TG,Telangana,TG_Warangal Urban,Warangal Urban,27,4,23,0,0,0,0,0,,
608,TG,Telangana,TG_Yadadri Bhuvanagiri,Yadadri Bhuvanagiri,0,0,0,0,0,0,0,0,,
0,TN,Tamil Nadu,TN_Railway Quarantine,Railway Quarantine,3,3,0,0,0,0,0,0,,
0,TN,Tamil Nadu,TN_Airport Quarantine,Airport Quarantine,54,54,0,0,0,0,0,0,,
0,TN,Tamil Nadu,TN_Other State,Other State,1,0,0,1,0,0,0,0,,
544,TN,Tamil Nadu,TN_Ariyalur,Ariyalur,355,10,345,0,0,0,0,0,,
732,TN,Tamil Nadu,TN_Chengalpattu,Chengalpattu,617,421,193,3,0,0,0,0,,
545,TN,Tamil Nadu,TN_Chennai,Chennai,8234,5350,2823,61,0,0,0,0,,
546,TN,Tamil Nadu,TN_Coimbatore,Coimbatore,145,0,144,1,0,0,0,0,,
547,TN,Tamil Nadu,TN_Cuddalore,Cuddalore,420,38,381,1,0,0,0,0,,
548,TN,Tamil Nadu,TN_Dharmapuri,Dharmapuri,5,1,4,0,0,0,0,0,,
549,TN,Tamil Nadu,TN_Dindigul,Dindigul,127,20,106,1,0,0,0,0,,
550,TN,Tamil Nadu,TN_Erode,Erode,70,0,69,1,0,0,0,0,,
734,TN,Tamil Nadu,TN_Kallakurichi,Kallakurichi,112,54,58,0,0,0,0,0,,
551,TN,Tamil Nadu,TN_Kancheepuram,Kancheepuram,220,95,124,1,0,0,0,0,,
552,TN,Tamil Nadu,TN_Kanyakumari,Kanyakumari,49,28,20,1,0,0,0,0,,
553,TN,Tamil Nadu,TN_Karur,Karur,79,27,52,0,0,0,0,0,,
554,TN,Tamil Nadu,TN_Krishnagiri,Krishnagiri,21,3,18,0,0,0,0,0,,
555,TN,Tamil Nadu,TN_Madurai,Madurai,172,62,108,2,0,0,0,0,,
556,TN,Tamil Nadu,TN_Nagapattinam,Nagapattinam,51,6,45,0,0,0,0,0,,
557,TN,Tamil Nadu,TN_Namakkal,Namakkal,77,0,77,0,0,0,0,0,,
564,TN,Tamil Nadu,TN_Nilgiris,Nilgiris,14,2,12,0,0,0,0,0,,
558,TN,Tamil Nadu,TN_Perambalur,Perambalur,139,48,91,0,0,0,0,0,,
559,TN,Tamil Nadu,TN_Pudukkottai,Pudukkottai,13,7,6,0,0,0,0,0,,
560,TN,Tamil Nadu,TN_Ramanathapuram,Ramanathapuram,39,17,21,1,0,0,0,0,,
733,TN,Tamil Nadu,TN_Ranipet,Ranipet,84,26,58,0,0,0,0,0,,
561,TN,Tamil Nadu,TN_Salem,Salem,49,14,35,0,0,0,0,0,,
562,TN,Tamil Nadu,TN_Sivaganga,Sivaganga,26,13,13,0,0,0,0,0,,
731,TN,Tamil Nadu,TN_Tenkasi,Tenkasi,75,27,48,0,0,0,0,0,,
563,TN,Tamil Nadu,TN_Thanjavur,Thanjavur,76,10,66,0,0,0,0,0,,
565,TN,Tamil Nadu,TN_Theni,Theni,92,47,44,1,0,0,0,0,,
566,TN,Tamil Nadu,TN_Thiruvallur,Thiruvallur,594,396,191,7,0,0,0,0,,
567,TN,Tamil Nadu,TN_Thiruvarur,Thiruvarur,32,2,30,0,0,0,0,0,,
568,TN,Tamil Nadu,TN_Thoothukkudi,Thoothukkudi,112,81,29,2,0,0,0,0,,
569,TN,Tamil Nadu,TN_Tiruchirappalli,Tiruchirappalli,68,2,66,0,0,0,0,0,,
570,TN,Tamil Nadu,TN_Tirunelveli,Tirunelveli,243,164,78,1,0,0,0,0,,
735,TN,Tamil Nadu,TN_Tirupathur,Tirupathur,29,7,22,0,0,0,0,0,,
571,TN,Tamil Nadu,TN_Tiruppur,Tiruppur,114,0,114,0,0,0,0,0,,
572,TN,Tamil Nadu,TN_Tiruvannamalai,Tiruvannamalai,165,115,50,0,0,0,0,0,,
573,TN,Tamil Nadu,TN_Vellore,Vellore,35,8,26,1,0,0,0,0,,
574,TN,Tamil Nadu,TN_Viluppuram,Viluppuram,319,39,278,2,0,0,0,0,,
575,TN,Tamil Nadu,TN_Virudhunagar,Virudhunagar,61,24,37,0,0,0,0,0,,
609,TR,Tripura,TR_Dhalai,Dhalai,162,48,114,0,0,0,0,0,,
610,TR,Tripura,TR_Gomati,Gomati,2,1,1,0,0,0,0,0,,
611,TR,Tripura,TR_Khowai,Khowai,1,1,0,0,0,0,0,0,,
612,TR,Tripura,TR_North Tripura,North Tripura,4,3,1,0,0,0,0,0,,
613,TR,Tripura,TR_Sipahijala,Sipahijala,0,0,0,0,0,0,0,0,,
614,TR,Tripura,TR_South Tripura,South Tripura,0,0,0,0,0,0,0,0,,
615,TR,Tripura,TR_Unokoti,Unokoti,0,0,0,0,0,0,0,0,,
616,TR,Tripura,TR_West Tripura,West Tripura,0,0,0,0,0,0,0,0,,
617,UP,Uttar Pradesh,UP_Agra,Agra,836,184,625,27,0,0,0,0,,
618,UP,Uttar Pradesh,UP_Aligarh,Aligarh,99,38,53,8,0,0,0,0,,
619,UP,Uttar Pradesh,UP_Ambedkar Nagar,Ambedkar Nagar,22,22,0,0,0,0,0,0,,
620,UP,Uttar Pradesh,UP_Amethi,Amethi,26,22,4,0,0,0,0,0,,
621,UP,Uttar Pradesh,UP_Amroha,Amroha,35,5,29,1,0,0,0,0,,
622,UP,Uttar Pradesh,UP_Auraiya,Auraiya,20,8,12,0,0,0,0,0,,
765,UP,Uttar Pradesh,UP_Ayodhya,Ayodhya,28,27,1,0,0,0,0,0,,
623,UP,Uttar Pradesh,UP_Azamgarh,Azamgarh,15,5,9,1,0,0,0,0,,
624,UP,Uttar Pradesh,UP_Baghpat,Baghpat,27,7,20,0,0,0,0,0,,
625,UP,Uttar Pradesh,UP_Bahraich,Bahraich,63,39,24,0,0,0,0,0,,
626,UP,Uttar Pradesh,UP_Ballia,Ballia,13,13,0,0,0,0,0,0,,
627,UP,Uttar Pradesh,UP_Balrampur,Balrampur,32,31,1,0,0,0,0,0,,
628,UP,Uttar Pradesh,UP_Banda,Banda,21,1,20,0,0,0,0,0,,
629,UP,Uttar Pradesh,UP_Barabanki,Barabanki,79,77,2,0,0,0,0,0,,
630,UP,Uttar Pradesh,UP_Bareilly,Bareilly,26,15,10,1,0,0,0,0,,
631,UP,Uttar Pradesh,UP_Basti,Basti,104,72,30,2,0,0,0,0,,
632,UP,Uttar Pradesh,UP_Bhadohi,Bhadohi,9,6,3,0,0,0,0,0,,
633,UP,Uttar Pradesh,UP_Bijnor,Bijnor,58,16,41,1,0,0,0,0,,
634,UP,Uttar Pradesh,UP_Budaun,Budaun,17,0,17,0,0,0,0,0,,
635,UP,Uttar Pradesh,UP_Bulandshahr,Bulandshahr,96,34,61,1,0,0,0,0,,
636,UP,Uttar Pradesh,UP_Chandauli,Chandauli,15,15,0,0,0,0,0,0,,
637,UP,Uttar Pradesh,UP_Chitrakoot,Chitrakoot,16,8,8,0,0,0,0,0,,
638,UP,Uttar Pradesh,UP_Deoria,Deoria,25,22,3,0,0,0,0,0,,
639,UP,Uttar Pradesh,UP_Etah,Etah,13,3,9,1,0,0,0,0,,
640,UP,Uttar Pradesh,UP_Etawah,Etawah,19,17,2,0,0,0,0,0,,
642,UP,Uttar Pradesh,UP_Farrukhabad,Farrukhabad,20,20,0,0,0,0,0,0,,
643,UP,Uttar Pradesh,UP_Fatehpur,Fatehpur,24,20,4,0,0,0,0,0,,
644,UP,Uttar Pradesh,UP_Firozabad,Firozabad,204,18,181,5,0,0,0,0,,
645,UP,Uttar Pradesh,UP_Gautam Buddha Nagar,Gautam Buddha Nagar,302,91,206,5,0,0,0,0,,
646,UP,Uttar Pradesh,UP_Ghaziabad,Ghaziabad,199,46,151,2,0,0,0,0,,
647,UP,Uttar Pradesh,UP_Ghazipur,Ghazipur,49,42,7,0,0,0,0,0,,
648,UP,Uttar Pradesh,UP_Gonda,Gonda,36,22,14,0,0,0,0,0,,
649,UP,Uttar Pradesh,UP_Gorakhpur,Gorakhpur,27,23,3,1,0,0,0,0,,
650,UP,Uttar Pradesh,UP_Hamirpur,Hamirpur,2,1,1,0,0,0,0,0,,
651,UP,Uttar Pradesh,UP_Hapur,Hapur,87,44,42,1,0,0,0,0,,
652,UP,Uttar Pradesh,UP_Hardoi,Hardoi,20,18,2,0,0,0,0,0,,
653,UP,Uttar Pradesh,UP_Hathras,Hathras,20,11,9,0,0,0,0,0,,
654,UP,Uttar Pradesh,UP_Jalaun,Jalaun,41,25,14,2,0,0,0,0,,
655,UP,Uttar Pradesh,UP_Jaunpur,Jaunpur,31,21,10,0,0,0,0,0,,
656,UP,Uttar Pradesh,UP_Jhansi,Jhansi,30,8,18,4,0,0,0,0,,
657,UP,Uttar Pradesh,UP_Kannauj,Kannauj,26,19,7,0,0,0,0,0,,
658,UP,Uttar Pradesh,UP_Kanpur Dehat,Kanpur Dehat,7,5,1,1,0,0,0,0,,
659,UP,Uttar Pradesh,UP_Kanpur Nagar,Kanpur Nagar,318,22,288,8,0,0,0,0,,
660,UP,Uttar Pradesh,UP_Kasganj,Kasganj,13,10,3,0,0,0,0,0,,
661,UP,Uttar Pradesh,UP_Kaushambi,Kaushambi,33,31,2,0,0,0,0,0,,
663,UP,Uttar Pradesh,UP_Kushinagar,Kushinagar,7,4,2,1,0,0,0,0,,
662,UP,Uttar Pradesh,UP_Lakhimpur Kheri,Lakhimpur Kheri,40,35,5,0,0,0,0,0,,
664,UP,Uttar Pradesh,UP_Lalitpur,Lalitpur,1,0,0,1,0,0,0,0,,
665,UP,Uttar Pradesh,UP_Lucknow,Lucknow,308,75,232,1,0,0,0,0,,
667,UP,Uttar Pradesh,UP_Maharajganj,Maharajganj,23,16,7,0,0,0,0,0,,
666,UP,Uttar Pradesh,UP_Mahoba,Mahoba,3,0,2,1,0,0,0,0,,
668,UP,Uttar Pradesh,UP_Mainpuri,Mainpuri,24,14,8,2,0,0,0,0,,
669,UP,Uttar Pradesh,UP_Mathura,Mathura,57,16,37,4,0,0,0,0,,
670,UP,Uttar Pradesh,UP_Mau,Mau,4,3,1,0,0,0,0,0,,
671,UP,Uttar Pradesh,UP_Meerut,Meerut,337,132,184,21,0,0,0,0,,
672,UP,Uttar Pradesh,UP_Mirzapur,Mirzapur,24,15,9,0,0,0,0,0,,
673,UP,Uttar Pradesh,UP_Moradabad,Moradabad,170,38,121,11,0,0,0,0,,
674,UP,Uttar Pradesh,UP_Muzaffarnagar,Muzaffarnagar,34,9,25,0,0,0,0,0,,
675,UP,Uttar Pradesh,UP_Pilibhit,Pilibhit,32,28,4,0,0,0,0,0,,
676,UP,Uttar Pradesh,UP_Pratapgarh,Pratapgarh,56,43,12,1,0,0,0,0,,
677,UP,Uttar Pradesh,UP_Prayagraj,Prayagraj,58,40,15,3,0,0,0,0,,
678,UP,Uttar Pradesh,UP_Rae Bareli,Rae Bareli,58,11,47,0,0,0,0,0,,
679,UP,Uttar Pradesh,UP_Rampur,Rampur,94,71,23,0,0,0,0,0,,
680,UP,Uttar Pradesh,UP_Saharanpur,Saharanpur,218,28,190,0,0,0,0,0,,
681,UP,Uttar Pradesh,UP_Sambhal,Sambhal,57,36,21,0,0,0,0,0,,
682,UP,Uttar Pradesh,UP_Sant Kabir Nagar,Sant Kabir Nagar,46,17,25,4,0,0,0,0,,
683,UP,Uttar Pradesh,UP_Shahjahanpur,Shahjahanpur,11,10,1,0,0,0,0,0,,
684,UP,Uttar Pradesh,UP_Shamli,Shamli,37,9,28,0,0,0,0,0,,
685,UP,Uttar Pradesh,UP_Shrawasti,Shrawasti,22,16,5,1,0,0,0,0,,
686,UP,Uttar Pradesh,UP_Siddharthnagar,Siddharthnagar,51,32,19,0,0,0,0,0,,
687,UP,Uttar Pradesh,UP_Sitapur,Sitapur,34,13,21,0,0,0,0,0,,
688,UP,Uttar Pradesh,UP_Sonbhadra,Sonbhadra,3,3,0,0,0,0,0,0,,
689,UP,Uttar Pradesh,UP_Sultanpur,Sultanpur,28,24,4,0,0,0,0,0,,
690,UP,Uttar Pradesh,UP_Unnao,Unnao,11,7,4,0,0,0,0,0,,
691,UP,Uttar Pradesh,UP_Varanasi,Varanasi,124,53,67,4,0,0,0,0,,
692,UT,Uttarakhand,UT_Almora,Almora,3,2,1,0,0,0,0,0,,
693,UT,Uttarakhand,UT_Bageshwar,Bageshwar,2,2,0,0,0,0,0,0,,
694,UT,Uttarakhand,UT_Chamoli,Chamoli,1,1,0,0,0,0,0,0,,
695,UT,Uttarakhand,UT_Champawat,Champawat,0,0,0,0,0,0,0,0,,
696,UT,Uttarakhand,UT_Dehradun,Dehradun,47,18,28,1,0,0,0,0,,
697,UT,Uttarakhand,UT_Haridwar,Haridwar,8,2,6,0,0,0,0,0,,
698,UT,Uttarakhand,UT_Nainital,Nainital,25,15,10,0,0,0,0,0,,
699,UT,Uttarakhand,UT_Pauri Garhwal,Pauri Garhwal,4,3,1,0,0,0,0,0,,
700,UT,Uttarakhand,UT_Pithoragarh,Pithoragarh,0,0,0,0,0,0,0,0,,
701,UT,Uttarakhand,UT_Rudraprayag,Rudraprayag,0,0,0,0,0,0,0,0,,
702,UT,Uttarakhand,UT_Tehri Garhwal,Tehri Garhwal,0,0,0,0,0,0,0,0,,
703,UT,Uttarakhand,UT_Udham Singh Nagar,Udham Singh Nagar,27,22,5,0,0,0,0,0,,
704,UT,Uttarakhand,UT_Uttarkashi,Uttarkashi,3,3,0,0,0,0,0,0,,
705,WB,West Bengal,WB_Alipurduar,Alipurduar,0,0,0,0,0,0,0,0,,
706,WB,West Bengal,WB_Bankura,Bankura,0,0,0,0,0,0,0,0,,
707,WB,West Bengal,WB_Birbhum,Birbhum,16,10,6,0,0,0,0,0,,
708,WB,West Bengal,WB_Cooch Behar,Cooch Behar,0,0,0,0,0,0,0,0,,
709,WB,West Bengal,WB_Dakshin Dinajpur,Dakshin Dinajpur,3,3,0,0,0,0,0,0,,
710,WB,West Bengal,WB_Darjeeling,Darjeeling,10,4,5,1,0,0,0,0,,
711,WB,West Bengal,WB_Hooghly,Hooghly,154,39,109,6,0,0,0,0,,
712,WB,West Bengal,WB_Howrah,Howrah,649,426,190,33,0,0,0,0,,
713,WB,West Bengal,WB_Jalpaiguri,Jalpaiguri,4,0,4,0,0,0,0,0,,
714,WB,West Bengal,WB_Jhargram,Jhargram,3,3,0,0,0,0,0,0,,
715,WB,West Bengal,WB_Kalimpong,Kalimpong,7,0,6,1,0,0,0,0,,
716,WB,West Bengal,WB_Kolkata,Kolkata,1502,795,538,169,0,0,0,0,,
717,WB,West Bengal,WB_Malda,Malda,46,36,10,0,0,0,0,0,,
719,WB,West Bengal,WB_Murshidabad,Murshidabad,12,7,4,1,0,0,0,0,,
720,WB,West Bengal,WB_Nadia,Nadia,17,9,8,0,0,0,0,0,,
721,WB,West Bengal,WB_North 24 Parganas,North 24 Parganas,420,234,153,33,0,0,0,0,,
0,WB,West Bengal,WB_Other State,Other State,25,21,3,1,0,0,0,0,,
722,WB,West Bengal,WB_Paschim Bardhaman,Paschim Bardhaman,19,7,10,2,0,0,0,0,,
718,WB,West Bengal,WB_Paschim Medinipur,Paschim Medinipur,21,2,19,0,0,0,0,0,,
723,WB,West Bengal,WB_Purba Bardhaman,Purba Bardhaman,20,15,5,0,0,0,0,0,,
724,WB,West Bengal,WB_Purba Medinipur,Purba Medinipur,51,21,29,1,0,0,0,0,,
725,WB,West Bengal,WB_Purulia,Purulia,0,0,0,0,0,0,0,0,,
726,WB,West Bengal,WB_South 24 Parganas,South 24 Parganas,108,66,37,5,0,0,0,0,,
727,WB,West Bengal,WB_Uttar Dinajpur,Uttar Dinajpur,16,16,0,0,0,0,0,0,,
728,AN,Andaman and Nicobar Islands,AN_Unknown,Unknown,0,0,0,0,0,0,0,0,,
729,AP,Andhra Pradesh,AP_Unknown,Unknown,0,0,0,0,0,0,0,0,,
730,AR,Arunachal Pradesh,AR_Unknown,Unknown,0,0,0,0,0,0,0,0,,
731,AS,Assam,AS_Unknown,Unknown,3,3,0,0,0,0,0,0,,
732,BR,Bihar,BR_Unknown,Unknown,28,5,23,0,0,0,0,0,,
733,CH,Chandigarh,CH_Unknown,Unknown,0,0,0,0,0,0,0,0,,
734,CT,Chhattisgarh,CT_Unknown,Unknown,4,4,0,0,0,0,0,0,,
735,DN,Dadra and Nagar Haveli and Daman and Diu,DN_Unknown,Unknown,0,0,0,0,0,0,0,0,,
737,DL,Delhi,DL_Unknown,Unknown,10871,5111,5567,193,0,0,0,0,,
738,GA,Goa,GA_Unknown,Unknown,26,26,0,0,0,0,0,0,,
739,GJ,Gujarat,GJ_Unknown,Unknown,0,0,0,0,0,0,0,0,,
740,HR,Haryana,HR_Unknown,Unknown,0,-7,7,0,0,0,0,0,,
741,HP,Himachal Pradesh,HP_Unknown,Unknown,0,0,0,0,0,0,0,0,,
742,JK,Jammu and Kashmir,JK_Unknown,Unknown,0,0,0,0,0,0,0,0,,
743,JH,Jharkhand,JH_Unknown,Unknown,9,9,0,0,0,0,0,0,,
744,KA,Karnataka,KA_Unknown,Unknown,0,0,0,0,0,0,0,0,,
745,KL,Kerala,KL_Unknown,Unknown,0,0,0,0,0,0,0,0,,
746,LA,Ladakh,LA_Unknown,Unknown,0,0,0,0,0,0,0,0,,
747,LD,Lakshadweep,LD_Unknown,Unknown,0,0,0,0,0,0,0,0,,
748,MP,Madhya Pradesh,MP_Unknown,Unknown,0,0,0,0,0,0,0,0,,
749,MH,Maharashtra,MH_Unknown,Unknown,0,0,0,0,0,0,0,0,,
750,MN,Manipur,MN_Unknown,Unknown,1,1,0,0,0,0,0,0,,
751,ML,Meghalaya,ML_Unknown,Unknown,0,0,0,0,0,0,0,0,,
752,MZ,Mizoram,MZ_Unknown,Unknown,0,0,0,0,0,0,0,0,,
753,NL,Nagaland,NL_Unknown,Unknown,0,0,0,0,0,0,0,0,,
754,OR,Odisha,OR_Unknown,Unknown,0,0,0,0,0,0,0,0,,
755,PY,Puducherry,PY_Unknown,Unknown,0,0,0,0,0,0,0,0,,
756,PB,Punjab,PB_Unknown,Unknown,0,0,0,0,0,0,0,0,,
757,RJ,Rajasthan,RJ_Unknown,Unknown,0,0,0,0,0,0,0,0,,
758,SK,Sikkim,SK_Unknown,Unknown,0,0,0,0,0,0,0,0,,
759,TN,Tamil Nadu,TN_Unknown,Unknown,0,0,0,0,0,0,0,0,,
760,TG,Telangana,TG_Unknown,Unknown,40,-430,462,8,0,0,0,0,,
761,TR,Tripura,TR_Unknown,Unknown,4,4,0,0,0,0,0,0,,
762,UP,Uttar Pradesh,UP_Unknown,Unknown,0,0,0,0,0,0,0,0,,
763,UT,Uttarakhand,UT_Unknown,Unknown,2,0,2,0,0,0,0,0,,
764,WB,West Bengal,WB_Unknown,Unknown,0,0,0,0,0,0,0,0,,